{"cameraMode":{"drawMode":0,"name":"Shaded","section":"Shading Mode"},"sceneLighting":true,"audioPlay":false,"sceneViewState":{"showFog":true,"showMaterialUpdate":false,"showSkybox":false,"showFlares":true,"showImageEffects":true,"showParticleSystems":true},"in2DMode":false,"pivot":{"x":0.029442548751831056,"y":0.4659087657928467,"z":0.04284060001373291},"rotation":{"x":-0.02507028914988041,"y":-0.7652917504310608,"z":-0.029861560091376306,"w":0.6425032019615173},"size":1.5000174045562745,"orthographic":false}