{"cameraMode":{"drawMode":0,"name":"Shaded","section":"Shading Mode"},"sceneLighting":false,"audioPlay":false,"sceneViewState":{"showFog":true,"showMaterialUpdate":false,"showSkybox":false,"showFlares":true,"showImageEffects":true,"showParticleSystems":true},"in2DMode":false,"pivot":{"x":0.0,"y":-5.699999809265137,"z":4.600000381469727},"rotation":{"x":0.1141812726855278,"y":-0.08928597718477249,"z":0.010305233299732209,"w":0.9893872737884522},"size":7.285404205322266,"orthographic":true}