{"cameraMode":{"drawMode":0,"name":"Shaded","section":"Shading Mode"},"sceneLighting":false,"audioPlay":false,"sceneViewState":{"showFog":true,"showMaterialUpdate":false,"showSkybox":false,"showFlares":true,"showImageEffects":true,"showParticleSystems":true},"in2DMode":false,"pivot":{"x":1.5700000524520875,"y":-0.18999996781349183,"z":42.59600067138672},"rotation":{"x":0.2950465977191925,"y":-0.05414421111345291,"z":0.01674496941268444,"w":0.953804075717926},"size":0.827647864818573,"orthographic":false}