{"cameraMode":{"drawMode":0,"name":"Shaded","section":"Shading Mode"},"sceneLighting":false,"audioPlay":false,"sceneViewState":{"showFog":true,"showMaterialUpdate":false,"showSkybox":false,"showFlares":true,"showImageEffects":true,"showParticleSystems":true},"in2DMode":false,"pivot":{"x":2.069999933242798,"y":0.0700000524520874,"z":5.5},"rotation":{"x":0.1231762021780014,"y":0.08029129356145859,"z":-0.009999186731874943,"w":0.9890806078910828},"size":2.598076105117798,"orthographic":false}