{"cameraMode":{"drawMode":0,"name":"Shaded","section":"Shading Mode"},"sceneLighting":false,"audioPlay":false,"sceneViewState":{"showFog":true,"showMaterialUpdate":false,"showSkybox":true,"showFlares":true,"showImageEffects":true,"showParticleSystems":true},"in2DMode":false,"pivot":{"x":-6.351495742797852,"y":-208.3263702392578,"z":1048.99365234375},"rotation":{"x":0.2577204704284668,"y":0.16993558406829835,"z":-0.04609896242618561,"w":0.950040876865387},"size":34.4093017578125,"orthographic":false}