{"cameraMode":{"drawMode":0,"name":"Shaded","section":"Shading Mode"},"sceneLighting":false,"audioPlay":false,"sceneViewState":{"showFog":true,"showMaterialUpdate":false,"showSkybox":false,"showFlares":true,"showImageEffects":true,"showParticleSystems":true},"in2DMode":false,"pivot":{"x":-0.2883434295654297,"y":4.484773635864258,"z":1.737335205078125},"rotation":{"x":0.0767882913351059,"y":-0.6207095980644226,"z":0.06127437204122543,"w":0.7778633832931519},"size":5.427307605743408,"orthographic":false}