{"cameraMode":{"drawMode":0,"name":"Shaded","section":"Shading Mode"},"sceneLighting":false,"audioPlay":false,"sceneViewState":{"showFog":true,"showMaterialUpdate":false,"showSkybox":false,"showFlares":true,"showImageEffects":true,"showParticleSystems":true},"in2DMode":false,"pivot":{"x":4.6477131843566898,"y":4.86899995803833,"z":-9.816228866577149},"rotation":{"x":-0.02507028914988041,"y":-0.7652917504310608,"z":-0.029861560091376306,"w":0.6425032019615173},"size":1.2000170946121216,"orthographic":false}