{"cameraMode":{"drawMode":0,"name":"Shaded","section":"Shading Mode"},"sceneLighting":false,"audioPlay":false,"sceneViewState":{"showFog":true,"showMaterialUpdate":false,"showSkybox":false,"showFlares":true,"showImageEffects":true,"showParticleSystems":true},"in2DMode":false,"pivot":{"x":2.450000047683716,"y":-6.139999866485596,"z":106.86000061035156},"rotation":{"x":0.43845465779304507,"y":-0.0080886110663414,"z":0.003946865908801556,"w":0.8987089991569519},"size":1.4142223596572877,"orthographic":true}