{"cameraMode":{"drawMode":0,"name":"Shaded","section":"Shading Mode"},"sceneLighting":false,"audioPlay":false,"sceneViewState":{"showFog":true,"showMaterialUpdate":false,"showSkybox":true,"showFlares":true,"showImageEffects":true,"showParticleSystems":true},"in2DMode":false,"pivot":{"x":14.060766220092774,"y":-37.39293670654297,"z":77.0202865600586},"rotation":{"x":-0.29559314250946047,"y":0.10063685476779938,"z":-0.031330205500125888,"w":-0.9494825601577759},"size":51.29008483886719,"orthographic":false}