{"cameraMode":{"drawMode":0,"name":"Shaded","section":"Shading Mode"},"sceneLighting":false,"audioPlay":false,"sceneViewState":{"showFog":true,"showMaterialUpdate":false,"showSkybox":false,"showFlares":true,"showImageEffects":true,"showParticleSystems":true},"in2DMode":false,"pivot":{"x":0.10027056932449341,"y":0.5928940176963806,"z":0.16109609603881837},"rotation":{"x":-0.2389402985572815,"y":0.09247739613056183,"z":-0.022864822298288347,"w":-0.9663516879081726},"size":1.1296172142028809,"orthographic":false}