{"cameraMode":{"drawMode":0,"name":"Shaded","section":"Shading Mode"},"sceneLighting":false,"audioPlay":false,"sceneViewState":{"showFog":true,"showMaterialUpdate":false,"showSkybox":false,"showFlares":true,"showImageEffects":true,"showParticleSystems":true},"in2DMode":false,"pivot":{"x":0.0,"y":2.9802322387695315e-8,"z":-5.960464477539063e-8},"rotation":{"x":0.017689445987343789,"y":-0.0024026604369282724,"z":-0.00004257652472006157,"w":-0.9998412132263184},"size":0.7842195630073547,"orthographic":false}