{"cameraMode":{"drawMode":0,"name":"Shaded","section":"Shading Mode"},"sceneLighting":false,"audioPlay":false,"sceneViewState":{"showFog":true,"showMaterialUpdate":false,"showSkybox":false,"showFlares":true,"showImageEffects":true,"showParticleSystems":true},"in2DMode":false,"pivot":{"x":0.7802327275276184,"y":0.12440967559814453,"z":0.2941405773162842},"rotation":{"x":0.41061297059059145,"y":-0.05329190567135811,"z":0.024048296734690667,"w":0.90993332862854},"size":0.9636368155479431,"orthographic":false}