{"cameraMode":{"drawMode":0,"name":"Shaded","section":"Shading Mode"},"sceneLighting":false,"audioPlay":false,"sceneViewState":{"showFog":true,"showMaterialUpdate":false,"showSkybox":false,"showFlares":true,"showImageEffects":true,"showParticleSystems":true},"in2DMode":false,"pivot":{"x":1.2510566711425782,"y":-4.917023658752441,"z":9.233166694641114},"rotation":{"x":0.035866864025592807,"y":-0.7013233304023743,"z":0.035374946892261508,"w":0.7110651731491089},"size":1.3505592346191407,"orthographic":false}