{"cameraMode":{"drawMode":0,"name":"Shaded","section":"Shading Mode"},"sceneLighting":false,"audioPlay":false,"sceneViewState":{"showFog":true,"showMaterialUpdate":false,"showSkybox":false,"showFlares":true,"showImageEffects":true,"showParticleSystems":true},"in2DMode":false,"pivot":{"x":3.001689910888672,"y":7.78387451171875,"z":31.6013126373291},"rotation":{"x":0.0767882913351059,"y":-0.6207095980644226,"z":0.06127437204122543,"w":0.7778633832931519},"size":19.326826095581056,"orthographic":false}