{"cameraMode":{"drawMode":0,"name":"Shaded","section":"Shading Mode"},"sceneLighting":false,"audioPlay":false,"sceneViewState":{"showFog":true,"showMaterialUpdate":false,"showSkybox":false,"showFlares":true,"showImageEffects":true,"showParticleSystems":true},"in2DMode":false,"pivot":{"x":-19.111528396606447,"y":-120.88055419921875,"z":578.8900146484375},"rotation":{"x":0.14663799107074738,"y":0.09775955229997635,"z":-0.014564733020961285,"w":0.9842414259910584},"size":18.677906036376954,"orthographic":false}