{"cameraMode":{"drawMode":0,"name":"Shaded","section":"Shading Mode"},"sceneLighting":false,"audioPlay":false,"sceneViewState":{"showFog":true,"showMaterialUpdate":false,"showSkybox":false,"showFlares":true,"showImageEffects":true,"showParticleSystems":true},"in2DMode":false,"pivot":{"x":0.12608301639556886,"y":-0.09186279773712158,"z":0.26100605726242068},"rotation":{"x":-0.24533168971538545,"y":-0.18476687371730805,"z":-0.04769128933548927,"w":0.9504736065864563},"size":0.6000174283981323,"orthographic":false}