{"cameraMode":{"drawMode":0,"name":"Shaded","section":"Shading Mode"},"sceneLighting":false,"audioPlay":false,"sceneViewState":{"showFog":true,"showMaterialUpdate":false,"showSkybox":false,"showFlares":true,"showImageEffects":true,"showParticleSystems":true},"in2DMode":false,"pivot":{"x":3.8399999141693117,"y":-4.291324138641357,"z":2.563868999481201},"rotation":{"x":-0.03747156634926796,"y":0.48590248823165896,"z":-0.020856866613030435,"w":-0.8729617595672607},"size":1.3070745468139649,"orthographic":false}