{"cameraMode":{"drawMode":0,"name":"Shaded","section":"Shading Mode"},"sceneLighting":false,"audioPlay":false,"sceneViewState":{"showFog":true,"showMaterialUpdate":false,"showSkybox":false,"showFlares":true,"showImageEffects":true,"showParticleSystems":true},"in2DMode":false,"pivot":{"x":-0.11724090576171875,"y":2.6434991359710695,"z":1.859749436378479},"rotation":{"x":0.0767882913351059,"y":-0.6207095980644226,"z":0.06127437204122543,"w":0.7778633832931519},"size":8.260540962219239,"orthographic":false}